CaseID,Architecture,MaRamMin,PerformanceScenario,TransitionEndMach,Rocket2Mach,TOGW_t,TotalPropellant_t,MaTakeoffOpt,MaRamStartOpt,HRamStart_km,AlphaOpt,Vsep_mps,Hsep_km,Rocket1Propellant_t,RamjetFuel_t,DMRBlendFuel_t,ScramjetFuel_t,Rocket2FirstStagePropellant_t,SecondStagePropellant_t,DeltaVg1st_mps,DeltaVg2nd_mps,MinDeltaH_km,MinDeltaVeff_mps,MinSegmentMu,MinSegmentFuel_t,PhysicalPass,GAExitFlag,Generations,FuncCount,Seed,LocalPolishUsed,Status
1,DMR,2.3,LOW,6.5,7,407.942514922985,249.481499051686,1.15357663600926,2.3,14.5769146249763,0.124334370752632,2793.73200776093,46.2363661717743,62.1673330335726,30.5300740340101,8.61462046895844,12.5867851554002,62.2513216233606,73.331364736384,432.389403307832,285.314824840981,0.187475557322614,30.9850069978855,1.0020584437242,0.704825333768895,1,1,5,12300,2026082401,1,PASS
2,DMR,2.3,LOW,7,7,389.071338630399,238.105114222834,1.15357688527109,2.3,14.5769146249763,0.127548851520098,2812.03609784638,46.8008170616662,59.2914990138654,29.1177720257459,16.7030190778459,0,61.4663910509915,71.5264330543857,434.322434288265,283.776220311528,0.187475557322614,30.9850069978855,1.0020584437242,0.672220557467085,1,1,5,12300,2026082402,1,PASS
3,RAMJET_ONLY,2.3,LOW,NaN,6,460.081638682196,280.824069237804,1.15357667442194,2.3,14.5769146249763,0.159948964426981,2739.46549653399,50.8102912989202,70.1129365824099,34.4321222853437,0,0,98.3342865940994,77.9447237759508,457.736416862455,278.255780740915,0.211542687511866,30.9850069978855,1.0020584437242,0.794909047881902,1,1,5,12300,2026082403,1,PASS
4,RAMJET_ONLY,2.3,LOW,NaN,6.5,404.408655705306,247.334417134096,1.1535768267348,2.3,14.5769146249763,0.147030537563739,2792.31358260414,49.3996590232159,61.6287914894435,35.639978814624,0,0,77.1422601230835,72.9233867069446,447.689347560083,279.482694764781,0.201066842419095,30.9850069978855,1.0020584437242,0.698719702452422,1,1,5,12300,2026082404,1,PASS
5,RAMJET_ONLY,2.3,LOW,NaN,7,360.384917800567,220.791296364421,1.15357705315637,2.3,14.5769146249763,0.132868710777511,2842.32876099597,47.7349645987549,54.9199011629956,36.9585683076736,0,0,60.2153607135933,68.6974661801586,437.490009932682,281.241530156926,0.187475557322614,30.9850069978855,1.0020584437242,0.622657418990684,1,1,5,12300,2026082405,1,PASS
6,DMR,2.3,REFERENCE,6.5,7,397.533969152066,243.208078598372,1.1535768255623,2.3,14.5769146249763,0.126080958271262,2803.67753165601,46.5430604563203,60.5811417968241,28.5107735976714,8.10080366014427,11.8522677200556,61.8217572878946,72.3413345357815,433.441506287252,284.478164120321,0.187475557322614,30.9850069978855,1.00193414766964,0.647937738715029,1,1,5,12300,2026082406,1,PASS
7,DMR,2.3,REFERENCE,7,7,380.013896580696,232.641222519203,1.15357686671745,2.3,14.5769146249763,0.129168723708881,2821.2600716746,47.085260604687,57.9112148151248,27.2542501189319,15.7518120693786,0,61.0791568301171,70.6447886856503,435.291093368968,283.002885190244,0.187475557322614,30.9850069978855,1.00193414766964,0.619381902491682,1,1,5,12300,2026082407,1,PASS
8,RAMJET_ONLY,2.3,REFERENCE,NaN,6,452.710514845831,276.391577919828,1.1535767511201,2.3,14.5769146249763,0.160942393044268,2745.42633820922,50.9867202535339,68.9896297271584,32.4679848101782,0,0,97.6475719888332,77.2863913936587,458.338911912156,277.76932303562,0.211542687511866,30.9850069978855,1.00193414766964,0.737869584158148,1,1,5,12300,2026082408,1,PASS
9,RAMJET_ONLY,2.3,REFERENCE,NaN,6.5,397.20945605559,242.995010550459,1.15357642302408,2.3,14.5769146249763,0.148217995406166,2799.25716923031,49.6093166532256,60.5317057001018,33.5802877204797,0,0,76.6457267940474,72.2372903358301,448.40052092762,278.9104338862,0.201066842419095,30.9850069978855,1.00193414766964,0.647408784052175,1,1,5,12300,2026082409,1,PASS
10,RAMJET_ONLY,2.3,REFERENCE,NaN,7,353.271262099575,216.493812336322,1.15357671873685,2.3,14.5769146249763,0.134277900996316,2850.35305685538,47.9824131699462,53.8358472447173,34.7855332878249,0,0,59.893321898565,67.9791099052148,438.322595369258,280.572530155264,0.187475557322614,30.9850069978855,1.00193414766964,0.575794265075899,1,1,5,12300,2026082410,1,PASS
11,DMR,2.3,HIGH,6.5,7,388.296691232217,237.637888430456,1.15357664634516,2.3,14.5769146249763,0.127685508600904,2812.81425883064,46.824813537754,59.1734586621405,26.7364801711271,7.64437083898127,11.1986250957272,61.4336057118368,71.4513479506433,434.404314184837,283.710927517106,0.187475557322614,30.9850069978855,1.00182271933866,0.597024672222119,1,1,5,12300,2026082411,1,PASS
12,DMR,2.3,HIGH,7,7,371.955087260796,227.777617672534,1.15357689242933,2.3,14.5769146249763,0.130655469313253,2829.72598808388,47.346327613681,56.6831128080071,25.6112667211189,14.9030669200989,0,60.7287587456634,69.8514124776459,436.176941606134,282.294288804766,0.187475557322614,30.9850069978855,1.00182271933866,0.571898695022753,1,1,5,12300,2026082412,1,PASS
13,RAMJET_ONLY,2.3,HIGH,NaN,6,446.114404930222,272.424078218521,1.15357682258937,2.3,14.5769146249763,0.161850321519628,2750.8741557976,51.1479647244344,67.9844294491797,30.717565917821,0,0,97.0291971396975,76.6928857118223,458.888166077703,277.325214307948,0.211542687511866,30.9850069978855,1.00182271933866,0.685922178468104,1,1,5,12300,2026082413,1,PASS
14,RAMJET_ONLY,2.3,HIGH,NaN,6.5,390.771793694795,239.113228477678,1.15357718137617,2.3,14.5769146249763,0.14930614616171,2805.6200637799,49.8014406178409,59.5506229092755,31.7464262005271,0,0,76.198189260124,71.6179901077519,449.050293060841,278.386690370756,0.201066842419095,30.9850069978855,1.00182271933866,0.600830301091378,1,1,5,12300,2026082414,1,PASS
15,RAMJET_ONLY,2.3,HIGH,NaN,7,346.917978669549,212.654040269639,1.15357654394943,2.3,14.5769146249763,0.135571194797601,2857.71740835043,48.2095107604547,52.867661814137,32.8535202946496,0,0,59.6021502890324,67.3307078718205,439.084316501795,279.959439093776,0.187475557322614,30.9850069978855,1.00182271933866,0.533402922262667,1,1,5,12300,2026082415,1,PASS
16,DMR,2.5,LOW,6.5,7,426.516708235974,260.669231277302,1.15357728502084,2.5,15,0.121364591135406,2776.82130971045,45.7148838954787,70.6179138654777,30.0737268359478,8.90373625518828,13.0092109952178,62.9968804442792,75.0677628811912,418.130018347667,286.741045354848,0.187475557322614,30.985006997886,1.0020584437242,0.72848001841362,1,1,5,12300,2026082416,1,PASS
17,DMR,2.5,LOW,7,7,406.46042769257,248.588357923621,1.15357704206822,2.5,15,0.124579531278813,2795.12801560208,46.2794154500808,67.2972273227627,28.6595560369029,17.2497592948506,0,62.190780668496,73.1910346006084,420.076810013191,285.197291646942,0.187475557322614,30.985006997886,1.0020584437242,0.694224364787885,1,1,5,12300,2026082417,1,PASS
18,RAMJET_ONLY,2.5,LOW,NaN,6,482.08621864352,294.048758647577,1.15357688707319,2.5,15,0.157110214316494,2722.43222441991,50.3061406174441,79.8185181301604,33.9919357174606,0,0,100.359116096526,79.8791887034299,443.545440915005,279.648890688078,0.211542687511866,30.9850069978855,1.0020584437242,0.823391330660513,1,1,5,12300,2026082418,1,PASS
19,RAMJET_ONLY,2.5,LOW,NaN,6.5,422.771975885266,258.396714982419,1.15357685310727,2.5,15,0.144128992716212,2775.3469777457,48.8873620857044,69.9979216166548,35.3637717358172,0,0,78.3884522816267,74.6465693483206,433.482356873209,280.884177671218,0.201066842419095,30.9850069978855,1.0020584437242,0.722084068882566,1,1,5,12300,2026082419,1,PASS
20,RAMJET_ONLY,2.5,LOW,NaN,7,376.019357672999,230.230725302355,1.15357662049292,2.5,15,0.129900130303437,2825.42489117869,47.2136928875453,62.257147795652,36.8147953148452,0,0,60.9061593169357,70.2526228749221,423.26678988045,282.654148825262,0.187475557322614,30.985006997886,1.0020584437242,0.642231735663074,1,1,5,12300,2026082420,1,PASS
21,DMR,2.5,REFERENCE,6.5,7,415.884533711041,254.266294520273,1.15357661420967,2.5,15,0.123042403208665,2786.37520832021,46.0095014671275,68.8575852690655,28.127357551928,8.37545639976531,12.254111529214,62.5733886850472,74.0783950852529,419.147877319615,285.934724221786,0.187475557322614,30.985006997886,1.00193414766964,0.669905667146338,1,1,5,12300,2026082421,1,PASS
22,DMR,2.5,REFERENCE,7,7,397.249301537714,243.03636753334,1.15357711292788,2.5,15,0.126130180424161,2803.9578154051,46.5517036836458,65.7721478725323,26.8670097907249,16.2733161371779,0,61.8101358256543,72.3137579072508,421.010572380582,284.454608213273,0.187475557322614,30.985006997886,1.00193414766964,0.639888126172309,1,1,5,12300,2026082422,1,PASS
23,RAMJET_ONLY,2.5,REFERENCE,NaN,6,474.744411257114,289.637539321184,1.15357672202916,2.5,15,0.158037090965796,2727.99373620125,50.4707502083566,78.6029508342252,32.1082052805493,0,0,99.6876746154842,79.2387085909257,444.111901446472,279.193531568723,0.211542687511866,30.9850069978855,1.00193414766964,0.764717006907858,1,1,5,12300,2026082423,1,PASS
24,RAMJET_ONLY,2.5,REFERENCE,NaN,6.5,415.55200342851,254.048364062269,1.15357682937767,2.5,15,0.145248898572328,2781.89555829084,49.0850927328382,68.8025192258676,33.3704142913302,0,0,77.9019686494584,73.973461895613,434.157938473212,280.34271539993,0.201066842419095,30.9850069978855,1.00193414766964,0.669370046304209,1,1,5,12300,2026082424,1,PASS
25,RAMJET_ONLY,2.5,REFERENCE,NaN,7,368.84661821571,225.90107894377,1.15357624902216,2.5,15,0.131240763875633,2833.05880764987,47.4491031660899,61.0695788289748,34.6963206938444,0,0,60.5920433300853,69.5431360908656,424.064393041032,282.015642250463,0.187475557322614,30.985006997886,1.00193414766964,0.594137094621544,1,1,5,12300,2026082425,1,PASS
26,DMR,2.5,HIGH,6.5,7,406.425993194913,248.567637107757,1.15357682390047,2.5,15,0.124585115306783,2795.15981251063,46.280395984663,67.2915352990275,26.411880112424,7.90566165790545,11.5814032188354,62.1893132828233,73.1878435367411,420.080195762959,285.194614951629,0.187475557322614,30.985006997886,1.00182393030002,0.617431461584999,1,1,5,12300,2026082426,1,PASS
27,DMR,2.5,HIGH,7,7,389.032600750536,238.081767155041,1.15357676553565,2.5,15,0.127555570742454,2812.07435884721,46.8019969321687,64.4117315032436,25.2815580396803,15.4010318543994,0,61.4647076014851,71.5227381562325,421.86596950195,283.77300973914,0.187475557322614,30.985006997886,1.00182393030002,0.591007882253848,1,1,5,12300,2026082427,1,PASS
28,RAMJET_ONLY,2.5,HIGH,NaN,6,468.150629736155,285.674795526147,1.15357688951483,2.5,15,0.158886325510443,2733.08937425484,50.6215708715897,77.5112169247148,30.4230994466832,0,0,99.0809992606946,78.6594798940548,444.629660400157,278.776739659092,0.211542687511866,30.9850069978855,1.00182393030002,0.711201878751353,1,1,5,12300,2026082428,1,PASS
29,RAMJET_ONLY,2.5,HIGH,NaN,6.5,409.075016667427,250.146320153969,1.15357689612213,2.5,15,0.146276479272703,2787.90427317191,49.2665224447714,67.730128315999,31.5896805787512,0,0,77.4617592332828,73.3647520259363,434.776169108976,279.846481685241,0.201066842419095,30.9850069978855,1.00182393030002,0.621455792569748,1,1,5,12300,2026082429,1,PASS
30,RAMJET_ONLY,2.5,HIGH,NaN,7,362.422031455634,222.021665123427,1.1535765353235,2.5,15,0.132472109067785,2840.07040764187,47.6653228108017,60.0058553593881,32.8072230190218,0,0,60.3066757454604,68.9019109995564,424.794748384069,281.429995445361,0.187475557322614,30.985006997886,1.00182393030002,0.550581803962189,1,1,5,12300,2026082430,1,PASS
31,DMR,3,LOW,6.5,7,480.075143715914,292.881068608223,1.15357684130185,3,16.0577134375594,0.113716012491921,2733.26831230788,44.3718218789257,95.1799112763241,28.871722906643,9.72896116776451,14.2149435886511,65.0116585108124,79.8738711580276,386.791023843116,290.435358827553,0.187475557322614,30.985006997886,1.00209337449875,0.80404669343568,1,1,5,12300,2026082431,1,PASS
32,DMR,3,LOW,7,7,456.487891968557,278.703197556959,1.15357676923481,3,16.0577134375594,0.11693125743733,2751.57675382143,44.9364069556277,90.5034954663731,27.4531851615607,18.8068063483309,0,64.1477995698203,77.7919110108736,388.773269116653,288.878651947977,0.187475557322614,30.985006997886,1.00209337449875,0.764541929998643,1,1,5,12300,2026082432,1,PASS
33,RAMJET_ONLY,3,LOW,NaN,6,545.931882643098,332.363446973237,1.15357680524296,3,16.0577134375594,0.149799468191699,2678.56576092228,49.0077813052606,108.23669950944,32.8323475583469,0,0,106.038511220489,85.2558886849602,412.379992090347,283.257513363816,0.211542687511866,30.9850069978855,1.00209337449875,0.914345866278268,1,1,5,12300,2026082433,1,PASS
34,RAMJET_ONLY,3,LOW,NaN,6.5,475.70417637204,290.236405493708,1.15357685858892,3,16.0577134375594,0.136655601931185,2731.6467852395,47.5678597470588,94.3133205487741,34.6757210935714,0,0,81.8319519645322,79.4154118868305,402.277426309598,284.514753288922,0.201066842419095,30.9850069978855,1.00209337449875,0.796726045650473,1,1,5,12300,2026082434,1,PASS
35,RAMJET_ONLY,3,LOW,NaN,7,420.839164091397,257.250386203592,1.15357699688118,3,16.0577134375594,0.122253768196718,2781.88451531333,45.87102008662,83.43575326926,36.5019357460084,0,0,62.7720065448711,74.5406906434522,392.021878129266,286.31354390555,0.187475557322614,30.985006997886,1.00209337449875,0.704836209858854,1,1,5,12300,2026082435,1,PASS
36,DMR,3,REFERENCE,6.5,7,468.679142621569,286.032690036694,1.15357680861523,3,16.0577134375594,0.11524146629265,2741.95464326134,44.6396859035063,92.9205365268807,27.0832107783987,9.15747669350071,13.3982836722162,64.5986992067309,78.8744831589667,387.733362641285,289.696113119569,0.187475557322614,30.985006997886,1.00198162839999,0.743141295479973,1,1,5,12300,2026082436,1,PASS
37,DMR,3,REFERENCE,7,7,446.727435556289,272.832790760766,1.15357640261499,3,16.0577134375594,0.118328745441794,2759.53441422679,45.181800661422,88.5683989073265,25.8147026426528,17.7549714690838,0,63.7792828996922,76.9154348420103,389.630192270831,288.203724343144,0.187475557322614,30.985006997886,1.00198162839999,0.708334463046469,1,1,5,12300,2026082437,1,PASS
38,RAMJET_ONLY,3,REFERENCE,NaN,6,538.567240776184,327.947789860279,1.15357609135519,3,16.0577134375594,0.150580602027195,2683.25277621411,49.146507554547,106.776619720655,31.121779281978,0,0,105.397093384622,84.652297473024,412.866947735658,282.870497834872,0.211542687511866,30.9850069978855,1.00198162839999,0.853956333408519,1,1,5,12300,2026082438,1,PASS
39,RAMJET_ONLY,3,REFERENCE,NaN,6.5,468.325840455305,285.80212873635,1.15357721392277,3,16.0577134375594,0.137626404023775,2737.32349070719,47.7392646244942,92.8504722142355,32.8202521856371,0,0,81.3641774054769,78.7672269310001,402.874165274915,284.041432281413,0.201066842419095,30.9850069978855,1.00198162839999,0.742581133338547,1,1,5,12300,2026082439,1,PASS
40,RAMJET_ONLY,3,REFERENCE,NaN,7,413.406050388953,252.77337093268,1.15357672877583,3,16.0577134375594,0.123441230648346,2788.64623555994,46.0795340849984,81.9620717400094,34.4917711587387,0,0,62.4730960515113,73.8464319824205,392.741158154274,285.743270608427,0.187475557322614,30.985006997886,1.00198162839999,0.655499843988025,1,1,5,12300,2026082440,1,PASS
41,DMR,3,HIGH,6.5,7,458.493933206438,279.909576101302,1.15357696655944,3,16.0577134375594,0.116648253852375,2749.96525775465,44.8867125766824,90.9012053055083,25.497163655178,8.64821403291785,12.6692057125738,64.2223266018102,77.9714607933143,388.599383185082,289.015454918456,0.187475557322614,30.985006997886,1.00188119883368,0.690216576378987,1,1,5,12300,2026082441,1,PASS
42,DMR,3,HIGH,7,7,437.976793344935,267.567565223973,1.15357685746346,3,16.0577134375594,0.119619555285053,2766.88462141836,45.4084620781219,86.8334729400661,24.3561910430354,16.8132243259512,0,63.4441128498366,76.1205640650838,390.4191527371,287.581222597972,0.187475557322614,30.985006997886,1.00188119883368,0.659330073835179,1,1,5,12300,2026082442,1,PASS
43,RAMJET_ONLY,3,HIGH,NaN,6,531.902369006057,323.950922522486,1.15357670095238,3,16.0577134375594,0.151300042866524,2687.5696167634,49.2742773741197,105.455207250519,29.5794564154097,0,0,104.813445910305,84.1028129462521,413.314457147215,282.5143549257,0.211542687511866,30.9850069978855,1.00188119883368,0.800725579295943,1,1,5,12300,2026082443,1,PASS
44,RAMJET_ONLY,3,HIGH,NaN,6.5,461.66328608901,281.797008588961,1.15357795231356,3,16.0577134375594,0.138521043826998,2742.55484187685,47.8972222834144,91.5295183023615,31.1513801161052,0,0,80.9383265167642,78.1777836537298,403.422778181217,283.605696871533,0.201066842419095,30.9850069978855,1.00188119883368,0.694987802024229,1,1,5,12300,2026082444,1,PASS
45,RAMJET_ONLY,3,HIGH,NaN,7,406.710166950594,248.738895384482,1.15357684739626,3,16.0577134375594,0.124537954865029,2794.89126868138,46.2721147861612,80.6345381477923,32.6886425430548,0,0,62.20091339462,73.2148012990152,393.40368103479,285.217221743748,0.187475557322614,30.985006997886,1.00188119883368,0.612261307338883,1,1,5,12300,2026082445,1,PASS
